-- Usar la base de datos
USE wolex;

-- Inserts para la tabla "usuario"
INSERT INTO usuario (idUsuario, nombres, apellidos, telefono, dni)
VALUES
    (1, 'Brian', 'Uceda Hirata', '982849285', '12345678'),
    (2, 'Luis', 'Pérez Gonzales', '987654321', '87654321'),
    (3, 'Ana', 'Gutiérrez Torres', '956784512', '76543210'),
    (4, 'María', 'López Rodríguez', '964738291', '65432109'),
    (5, 'Carlos', 'Vargas Silva', '951234567', '54321098');

-- Inserts para la tabla "ciudad"
INSERT INTO ciudad (idCiudad, nombreCiudad, codigoPostal)
VALUES
    (1, 'Lima', '15029'),
    (2, 'Arequipa', '10592'),
    (3, 'Trujillo', '13005');

-- Inserts para la tabla "distrito"
INSERT INTO distrito (idDistrito, nombreDistrito, codigoDistrital, idCiudad)
VALUES
    (1, 'Miraflores', '150104', 1),
    (2, 'San Isidro', '150126', 1),
    (3, 'Yanahuara', '040105', 2),
    (4, 'Cercado de Arequipa', '040101', 2),
    (5, 'Moche', '130104', 3);

-- Inserts para la tabla "zona"
INSERT INTO zona (idZona, nombreZona, latitud, longitud, idDistrito)
VALUES 
    (1, 'Parque Kennedy', -12.121584, -77.029764, 1),
    (2, 'Malecón de Miraflores', -12.142985, -77.033508, 1),
    (3, 'Bosque El Olivar', -12.101246, -77.032609, 1),
    (4, 'Larcomar', -12.132695, -77.030851, 1),
    (5, 'Parque del Amor', -12.148388, -77.023469, 1),
    (6, 'Parque Castilla', -12.083204, -77.029908, 2),
    (7, 'Parque de las Aguas', -12.077514, -77.036760, 2),
    (8, 'Parque del Bombero', -12.088420, -77.035736, 2),
    (9, 'Parque Mariscal Castilla', -12.085657, -77.033163, 2),
    (10, 'Parque de los Niños', -12.086688, -77.028759, 2),
    (11, 'Parque Huanchaco', -8.079829, -79.112201, 3),
    (12, 'Plaza de Armas de Trujillo', -8.107247, -79.030623, 3),
    (13, 'Balneario Las Delicias', -8.112754, -79.029107, 3),
    (14, 'Parque de la Amistad', -8.115140, -79.021040, 3),
    (15, 'Plaza Mayor de Yanahuara', -16.390576, -71.535551, 4),
    (16, 'Mirador de Yanahuara', -16.396798, -71.531611, 4),
    (17, 'Iglesia de San Juan Bautista', -16.398704, -71.530554, 4),
    (18, 'Complejo de Santa Catalina', -16.395571, -71.530914, 4),
    (19, 'Plaza de Armas de Moche', -8.164712, -79.002945, 5),
    (20, 'Complejo El Brujo', -8.208933, -78.996686, 5),
    (21, 'Parque Reducto', -12.116917, -77.026728, 1),
    (22, 'Parque Tradiciones', -12.108695, -77.020537, 1),
    (23, 'Parque El Faro', -12.137383, -77.020589, 1),
    (24, 'Parque María Reiche', -12.151421, -77.023257, 1),
    (25, 'Parque Salazar', -12.135086, -77.027670, 1),
    (26, 'Parque Castilla II', -12.089368, -77.036352, 2),
    (27, 'Parque de las Leyendas', -12.062732, -77.084084, 2),
    (28, 'Parque Los Próceres', -12.086333, -77.023487, 2),
    (29, 'Parque de la Exposición', -12.064615, -77.030019, 2),
    (30, 'Parque Campo de Marte', -12.089497, -77.037802, 2),
    (31, NULL, -12.098765, -77.123456, 1),
    (32, NULL, -12.345678, -77.987654, 1),
    (33, NULL, -13.456789, -78.654321, 2),
    (34, NULL, -12.345678, -77.123456, 2),
    (35, NULL, -12.345678, -77.987654, 3),
    (36, NULL, -13.456789, -78.654321, 3),
    (37, NULL, -12.345678, -77.123456, 4),
    (38, NULL, -12.345678, -77.987654, 4),
    (39, NULL, -13.456789, -78.654321, 5),
    (40, NULL, -12.345678, -77.123456, 5),
    (41, NULL, -12.345678, -77.987654, 1),
    (42, NULL, -13.456789, -78.654321, 1),
    (43, NULL, -12.345678, -77.123456, 2),
    (44, NULL, -12.345678, -77.987654, 2),
    (45, NULL, -13.456789, -78.654321, 3),
    (46, NULL, -12.345678, -77.123456, 3),
    (47, NULL, -12.345678, -77.987654, 4),
    (48, NULL, -13.456789, -78.654321, 4),
    (49, NULL, -12.345678, -77.123456, 5),
    (50, NULL, -12.345678, -77.987654, 5),
    (51, NULL, -13.456789, -78.654321, 1),
    (52, NULL, -12.345678, -77.123456, 1),
    (53, NULL, -12.345678, -77.987654, 2),
    (54, NULL, -13.456789, -78.654321, 2),
    (55, NULL, -12.345678, -77.123456, 3),
    (56, NULL, -12.345678, -77.987654, 3),
    (57, NULL, -13.456789, -78.654321, 4),
    (58, NULL, -12.345678, -77.123456, 4),
    (59, NULL, -12.345678, -77.987654, 5),
    (60, NULL, -13.456789, -78.654321, 5),
    (61, NULL, -12.345678, -77.123456, 1),
    (62, NULL, -12.345678, -77.987654, 1),
    (63, NULL, -13.456789, -78.654321, 2),
    (64, NULL, -12.345678, -77.123456, 2),
    (65, NULL, -12.345678, -77.987654, 3),
    (66, NULL, -13.456789, -78.654321, 3),
    (67, NULL, -12.345678, -77.123456, 4),
    (68, NULL, -12.345678, -77.987654, 4),
    (69, NULL, -13.456789, -78.654321, 5),
    (70, NULL, -12.345678, -77.123456, 5),
    (71, NULL, -12.345678, -77.987654, 1),
    (72, NULL, -13.456789, -78.654321, 1),
    (73, NULL, -12.345678, -77.123456, 2),
    (74, NULL, -12.345678, -77.987654, 2),
    (75, NULL, -13.456789, -78.654321, 3),
    (76, NULL, -12.345678, -77.123456, 3),
    (77, NULL, -12.345678, -77.987654, 4),
    (78, NULL, -13.456789, -78.654321, 4),
    (79, NULL, -12.345678, -77.123456, 5),
    (80, NULL, -12.345678, -77.987654, 5),
    (81, NULL, -13.456789, -78.654321, 1),
    (82, NULL, -12.345678, -77.123456, 1),
    (83, NULL, -12.345678, -77.987654, 2),
    (84, NULL, -13.456789, -78.654321, 2),
    (85, NULL, -12.345678, -77.123456, 3),
    (86, NULL, -12.345678, -77.987654, 3),
    (87, NULL, -13.456789, -78.654321, 4),
    (88, NULL, -12.345678, -77.123456, 4),
    (89, NULL, -12.345678, -77.987654, 5),
    (90, NULL, -13.456789, -78.654321, 5),
    (91, NULL, -12.345678, -77.123456, NULL),
    (92, NULL, -12.345678, -77.987654, NULL),
    (93, NULL, -13.456789, -78.654321, NULL),
    (94, NULL, -12.345678, -77.123456, NULL),
    (95, NULL, -12.345678, -77.987654, NULL),
    (96, NULL, -13.456789, -78.654321, NULL),
    (97, NULL, -12.345678, -77.123456, NULL),
    (98, NULL, -12.345678, -77.987654, NULL),
    (99, NULL, -13.456789, -78.654321, NULL),
    (100, NULL, -12.345678, -77.123456, NULL);

-- Inserts para la tabla "empresa_reguladora"
INSERT INTO empresa_reguladora (idEmpresaReguladora, nombreReguladora, informacion)
VALUES
    (1, 'OSINERGMIN', 'Información de OSINERGMIN');

-- Inserts para la tabla "empresa_proveedora"
INSERT INTO empresa_proveedora (idEmpresaproveedora, nombreProveedora, informacion, idEmpresaReguladora)
VALUES
    (1, 'Luz del Sur', 'Información de Luz del Sur', 1),
    (2, 'Enel Perú', 'Información de Enel Perú', 1),
    (3, 'Electro Dunas', 'Información de Electro Dunas', 1);

-- Inserts para la tabla "medidor_luz"
INSERT INTO medidor_luz (idMedidorLuz, marca, modelo, fechaInstalacion, capacidad, consumoMes, idEmpresaproveedora)
VALUES
    (1, 'Schneider Electric', 'iEM3150', '2022-01-01', 100.0000, 50.0000, 1),
    (2, 'ABB', 'B21', '2021-05-15', 200.0000, 80.0000, 2),
    (3, 'Siemens', 'PAC3200', '2023-03-10', 150.0000, 60.0000, 3);

-- Inserts para la tabla "reporte_consumo_proveedora"
INSERT INTO reporte_consumo_proveedora (idReporteConsumoProveedora, idMedidorLuz, consumoTotal, fecha)
VALUES
    (1, 1, 500, '2023-06-01'),
    (2, 2, 800, '2023-06-01'),
    (3, 3, 600, '2023-06-01');
    
-- Inserts para la tabla "dispositivo_medidor"
INSERT INTO dispositivo_medidor (idDispositivoMedidor, modeloMedidor, marcaMedidor, tipoMedidor, capacidadMedidor)
VALUES
    (1, 'ABB Alpha Plus', 'ABB', 'Medidor de energía', 100.00),
    (2, 'Itron Centron', 'Itron', 'Medidor de energía', 200.00),
    (3, 'Schneider Electric ION8650', 'Schneider Electric', 'Medidor de energía', 150.00),
    (4, 'Elster A3 ALPHA', 'Elster', 'Medidor de energía', 300.00),
    (5, 'ABB Delta Plus', 'ABB', 'Medidor de energía', 250.00),
    (6, 'Itron Centron Plus', 'Itron', 'Medidor de energía', 350.00),
    (7, 'Schneider Electric ION8750', 'Schneider Electric', 'Medidor de energía', 400.00),
    (8, 'Elster A3 BETA', 'Elster', 'Medidor de energía', 450.00),
    (9, 'ABB Gamma Plus', 'ABB', 'Medidor de energía', 300.00),
    (10, 'Itron Centron Pro', 'Itron', 'Medidor de energía', 500.00),
    (11, 'Schneider Electric ION8850', 'Schneider Electric', 'Medidor de energía', 550.00),
    (12, 'Elster A3 GAMMA', 'Elster', 'Medidor de energía', 600.00),
    (13, 'ABB Alpha Advanced', 'ABB', 'Medidor de energía', 350.00),
    (14, 'Itron Centron Advanced', 'Itron', 'Medidor de energía', 650.00),
    (15, 'Schneider Electric ION8950', 'Schneider Electric', 'Medidor de energía', 700.00),
    (16, 'Elster A3 DELTA', 'Elster', 'Medidor de energía', 750.00),
    (17, 'ABB Beta Advanced', 'ABB', 'Medidor de energía', 400.00),
    (18, 'Itron Centron Elite', 'Itron', 'Medidor de energía', 800.00),
    (19, 'Schneider Electric ION9050', 'Schneider Electric', 'Medidor de energía', 850.00),
    (20, 'Elster A3 EPSILON', 'Elster', 'Medidor de energía', 900.00),
    (21, 'ABB Gamma Advanced', 'ABB', 'Medidor de energía', 450.00),
    (22, 'Itron Centron Max', 'Itron', 'Medidor de energía', 950.00),
    (23, 'Schneider Electric ION9150', 'Schneider Electric', 'Medidor de energía', 1000.00),
    (24, 'Elster A3 ZETA', 'Elster', 'Medidor de energía', 1050.00),
    (25, 'ABB Delta Advanced', 'ABB', 'Medidor de energía', 500.00),
    (26, 'Itron Centron Ultra', 'Itron', 'Medidor de energía', 1100.00),
    (27, 'Schneider Electric ION9250', 'Schneider Electric', 'Medidor de energía', 1150.00),
    (28, 'Elster A3 ETA', 'Elster', 'Medidor de energía', 1200.00),
    (29, 'ABB Alpha Premium', 'ABB', 'Medidor de energía', 550.00),
    (30, 'Itron Centron Supreme', 'Itron', 'Medidor de energía', 1250.00);

-- Inserts para la tabla "propiedad"
INSERT INTO propiedad (idPropiedad, tipoPropiedad, idZona, idUsuario, idDispositivoMedidor, idEmpresaproveedora)
VALUES 
    (1, 'Departamento', 1, 1, 1, 1),
    (2, 'Departamento', 2, 5, 2, 2),
    (3, 'Departamento', 3, 5, 3, 3),
    (4, 'Departamento', 4, 4, 4, 2),
    (5, 'Departamento', 5, 3, 5, 2),
    (6, 'Casa', 6, 1, 6, 1),
    (7, 'Casa', 7, 2, 7, 2),
    (8, 'Casa', 8, 5, 8, 3),
    (9, 'Casa', 9, 2, 9, 3),
    (10, 'Casa', 10, 2, 10, 1),
    (11, 'Departamento', 11, 1, 11, 1),
    (12, 'Departamento', 12, 2, 12, 2),
    (13, 'Departamento', 13, 4, 13, 2),
    (14, 'Departamento', 14, 1, 14, 3),
    (15, 'Departamento', 15, 4, 15, 3),
    (16, 'Casa', 16, 1, 16, 1),
    (17, 'Casa', 17, 3, 17, 1),
    (18, 'Casa', 18, 5, 18, 2),
    (19, 'Casa', 19, 5, 19, 3),
    (20, 'Casa', 20, 4, 20, 3),
    (21, 'Departamento', 21, 2, 21, 2),
    (22, 'Departamento', 22, 4, 22, 3),
    (23, 'Departamento', 23, 5, 23, 2),
    (24, 'Departamento', 24, 4, 24, 3),
    (25, 'Casa', 25, 1, 25, 1),
    (26, 'Casa', 26, 3, 26, 2),
    (27, 'Casa', 27, 5, 27, 1),
    (28, 'Departamento', 28, 1, 28, 3),
    (29, 'Departamento', 29, 4, 29, 3),
    (30, 'Casa', 30, 1, 30, 1);

-- Inserts para la tabla "reporte_consumo"
INSERT INTO reporte_consumo (idReporteConsumoEnergia, fechaExacta, idUsuario, idPropiedad, idDispositivoMedidor)
VALUES 
    -- Reportes para el usuario 1 (Brian)
    (1, '2023-06-22 00:00:00', 1, 16, 1),
    (2, '2023-06-23 01:30:00', 1, 30, 2),
    (3, '2023-06-24 02:45:00', 1, 28, 3),
    (4, '2023-06-25 04:20:00', 1, 25, 4),
    (5, '2023-06-26 06:30:00', 1, 1, 2),
    (6, '2023-06-27 11:15:00', 1, 14, 2),
    (7, '2023-06-28 13:50:00', 1, 11, 2),
    (8, '2023-06-29 15:40:00', 1, 6, 3),
    (9, '2023-07-01 10:00:00', 1, 16, 1),
    (10, '2023-07-02 11:30:00', 1, 30, 2),
    (11, '2023-07-03 12:45:00', 1, 28, 3),
    (12, '2023-07-04 14:20:00', 1, 25, 4),
    (13, '2023-07-05 16:30:00', 1, 1, 2),
    (14, '2023-07-06 11:15:00', 1, 14, 2),
    (15, '2023-07-07 13:50:00', 1, 11, 2),
    (16, '2023-07-08 15:40:00', 1, 6, 3),
    (17, '2023-07-09 10:00:00', 1, 16, 1),
    (18, '2023-07-10 11:30:00', 1, 30, 2),
    (19, '2023-07-11 12:45:00', 1, 28, 3),
    (20, '2023-07-12 14:20:00', 1, 25, 4),
    (21, '2023-07-13 16:30:00', 1, 1, 2),
    (22, '2023-07-14 11:15:00', 1, 14, 2),
    (23, '2023-07-15 13:50:00', 1, 11, 2),
    (24, '2023-07-16 15:40:00', 1, 6, 4),
    (25, '2023-07-17 10:00:00', 1, 16, 1),
    (26, '2023-07-18 11:30:00', 1, 30, 2),
    (27, '2023-07-19 12:45:00', 1, 28, 3),
    (28, '2023-07-20 14:20:00', 1, 25, 4),
    (29, '2023-07-21 16:30:00', 1, 1, 2),
    (30, '2023-07-22 11:15:00', 1, 14, 2),
    (31, '2023-07-23 13:50:00', 1, 11, 2),
    (32, '2023-07-24 15:40:00', 1, 6, 4),
    -- Reportes para el usuario 2 (Luis)
    (33, '2023-06-22 00:00:00', 2, 9, 1),
    (34, '2023-06-23 01:30:00', 2, 10, 2),
    (35, '2023-06-24 02:45:00', 2, 7, 3),
    (36, '2023-06-25 04:20:00', 2, 12, 4),
    (37, '2023-06-26 06:30:00', 2, 21, 2),
    (38, '2023-06-27 11:15:00', 2, 9, 2),
    (39, '2023-06-28 13:50:00', 2, 10, 2),
    (40, '2023-06-29 15:40:00', 2, 7, 4),
    (41, '2023-07-01 10:00:00', 2, 12, 1),
    (42, '2023-07-02 11:30:00', 2, 21, 2),
    (43, '2023-07-03 12:45:00', 2, 9, 3),
    (44, '2023-07-04 14:20:00', 2, 10, 4),
    (45, '2023-07-05 16:30:00', 2, 7, 2),
    (46, '2023-07-06 11:15:00', 2, 12, 2),
    (47, '2023-07-07 13:50:00', 2, 21, 3),
    (48, '2023-07-08 15:40:00', 2, 9, 4),
    (49, '2023-07-09 10:00:00', 2, 10, 1),
    (50, '2023-07-10 11:30:00', 2, 7, 2),
    (51, '2023-07-11 12:45:00', 2, 12, 3),
    (52, '2023-07-12 14:20:00', 2, 21, 4),
    (53, '2023-07-13 16:30:00', 2, 9, 2),
    (54, '2023-07-14 11:15:00', 2, 10, 4),
    (55, '2023-07-15 13:50:00', 2, 7, 3),
    (56, '2023-07-16 15:40:00', 2, 12, 4),
    (57, '2023-07-17 10:00:00', 2, 21, 1),
    (58, '2023-07-18 11:30:00', 2, 9, 2),
    (59, '2023-07-19 12:45:00', 2, 10, 3),
    (60, '2023-07-20 14:20:00', 2, 7, 4),
    (61, '2023-07-21 16:30:00', 2, 12, 2),
    (62, '2023-07-22 11:15:00', 2, 21, 4),
    (63, '2023-07-23 13:50:00', 2, 9, 3),
    (64, '2023-07-24 15:40:00', 2, 10, 4),
    -- Reportes para el usuario 3 (Ana)
    (65, '2023-06-22 00:00:00', 3, 26, 1),
    (66, '2023-06-23 01:30:00', 3, 17, 2),
    (67, '2023-06-24 02:45:00', 3, 5, 3),
    (68, '2023-06-25 04:20:00', 3, 26, 4),
    (69, '2023-06-26 06:30:00', 3, 17, 3),
    (70, '2023-06-27 11:15:00', 3, 5, 4),
    (71, '2023-06-28 13:50:00', 3, 26, 3),
    (72, '2023-06-29 15:40:00', 3, 17, 4),
    (73, '2023-07-01 10:00:00', 3, 5, 1),
    (74, '2023-07-02 11:30:00', 3, 26, 2),
    (75, '2023-07-03 12:45:00', 3, 17, 3),
    (76, '2023-07-04 14:20:00', 3, 5, 4),
    (77, '2023-07-05 16:30:00', 3, 26, 3),
    (78, '2023-07-06 11:15:00', 3, 17, 4),
    (79, '2023-07-07 13:50:00', 3, 5, 3),
    (80, '2023-07-08 15:40:00', 3, 26, 1),
    (81, '2023-07-09 10:00:00', 3, 17, 1),
    (82, '2023-07-10 11:30:00', 3, 5, 2),
    (83, '2023-07-11 12:45:00', 3, 26, 3),
    (84, '2023-07-12 14:20:00', 3, 17, 4),
    (85, '2023-07-13 16:30:00', 3, 5, 3),
    (86, '2023-07-14 11:15:00', 3, 26, 4),
    (87, '2023-07-15 13:50:00', 3, 17, 3),
    (88, '2023-07-16 15:40:00', 3, 5, 1),
    (89, '2023-07-17 10:00:00', 3, 26, 1),
    (90, '2023-07-18 11:30:00', 3, 17, 2),
    (91, '2023-07-19 12:45:00', 3, 5, 3),
    (92, '2023-07-20 14:20:00', 3, 26, 4),
    (93, '2023-07-21 16:30:00', 3, 17, 3),
    (94, '2023-07-22 11:15:00', 3, 5, 4),
    (95, '2023-07-23 13:50:00', 3, 26, 1),
    (96, '2023-07-24 15:40:00', 3, 17, 1),
    -- Reportes para el usuario 4 (Pedro)
    (97, '2023-06-22 00:00:00', 4, 15, 1),
    (98, '2023-06-23 01:30:00', 4, 29, 2),
    (99, '2023-06-24 02:45:00', 4, 20, 3),
    (100, '2023-06-25 04:20:00', 4, 13, 4),
    (101, '2023-06-26 06:30:00', 4, 22, 3),
    (102, '2023-06-27 11:15:00', 4, 24, 4),
    (103, '2023-06-28 13:50:00', 4, 4, 1),
    (104, '2023-06-29 15:40:00', 4, 15, 1),
    (105, '2023-07-01 10:00:00', 4, 29, 1),
    (106, '2023-07-02 11:30:00', 4, 20, 2),
    (107, '2023-07-03 12:45:00', 4, 13, 3),
    (108, '2023-07-04 14:20:00', 4, 22, 4),
    (109, '2023-07-05 16:30:00', 4, 24, 3),
    (110, '2023-07-06 11:15:00', 4, 4, 1),
    (111, '2023-07-07 13:50:00', 4, 15, 1),
    (112, '2023-07-08 15:40:00', 4, 29, 1),
    (113, '2023-07-09 10:00:00', 4, 20, 1),
    (114, '2023-07-10 11:30:00', 4, 13, 2),
    (115, '2023-07-11 12:45:00', 4, 22, 3),
    (116, '2023-07-12 14:20:00', 4, 24, 4),
    (117, '2023-07-13 16:30:00', 4, 4, 3),
    (118, '2023-07-14 11:15:00', 4, 15, 1),
    (119, '2023-07-15 13:50:00', 4, 29, 1),
    (120, '2023-07-16 15:40:00', 4, 20, 1),
    (121, '2023-07-17 10:00:00', 4, 13, 1),
    (122, '2023-07-18 11:30:00', 4, 22, 2),
    (123, '2023-07-19 12:45:00', 4, 24, 3),
    (124, '2023-07-20 14:20:00', 4, 4, 4),
    (125, '2023-07-21 16:30:00', 4, 15, 4),
    (126, '2023-07-22 11:15:00', 4, 29, 1),
    (127, '2023-07-23 13:50:00', 4, 20, 1),
    (128, '2023-07-24 15:40:00', 4, 13, 1),
    -- Reportes para el usuario 5 (María)
    (129, '2023-06-22 00:00:00', 5, 27, 1),
    (130, '2023-06-23 01:30:00', 5, 23, 2),
    (131, '2023-06-24 02:45:00', 5, 19, 3),
    (132, '2023-06-25 04:20:00', 5, 18, 4),
    (133, '2023-06-26 06:30:00', 5, 27, 4),
    (134, '2023-06-27 11:15:00', 5, 23, 1),
    (135, '2023-06-28 13:50:00', 5, 19, 1),
    (136, '2023-06-29 15:40:00', 5, 18, 3),
    (137, '2023-07-01 10:00:00', 5, 27, 1),
    (138, '2023-07-02 11:30:00', 5, 23, 2),
    (139, '2023-07-03 12:45:00', 5, 19, 3),
    (140, '2023-07-04 14:20:00', 5, 18, 4),
    (141, '2023-07-05 16:30:00', 5, 27, 4),
    (142, '2023-07-06 11:15:00', 5, 23, 1),
    (143, '2023-07-07 13:50:00', 5, 19, 1),
    (144, '2023-07-08 15:40:00', 5, 18, 3),
    (145, '2023-07-09 10:00:00', 5, 27, 1),
    (146, '2023-07-10 11:30:00', 5, 23, 2),
    (147, '2023-07-11 12:45:00', 5, 19, 3),
    (148, '2023-07-12 14:20:00', 5, 18, 4),
    (149, '2023-07-13 16:30:00', 5, 27, 4),
    (150, '2023-07-14 11:15:00', 5, 23, 1),
    (151, '2023-07-15 13:50:00', 5, 19, 2),
    (152, '2023-07-16 15:40:00', 5, 18, 3),
    (153, '2023-07-17 10:00:00', 5, 27, 1),
    (154, '2023-07-18 11:30:00', 5, 23, 2),
    (155, '2023-07-19 12:45:00', 5, 19, 3),
    (156, '2023-07-20 14:20:00', 5, 18, 4),
    (157, '2023-07-21 16:30:00', 5, 27, 1),
    (158, '2023-07-22 11:15:00', 5, 23, 1),
    (159, '2023-07-23 13:50:00', 5, 19, 2),
    (160, '2023-07-24 15:40:00', 5, 18, 4);

-- Inserts para la tabla "electrodomestico"
INSERT INTO electrodomestico (idElectrodomestico, idDispositivoMedidor, idReporteConsumoEnergia, nombreElec, marcaElec, modeloElec, tipoElec, descripcionElec, minutosDeUsoElec, consumoEnergiaElec)
VALUES
    (1, 1, 1, 'Televisor', 'Sony', 'ABC123', 'LED', 'Televisor de alta definición', 120, 200),
    (2, 1, 2, 'Refrigeradora', 'LG', 'XYZ456', 'Doble puerta', 'Refrigeradora con congelador', 240, 400),
    (3, 1, 3, 'Lavadora', 'Whirlpool', 'DEF789', 'Carga frontal', 'Lavadora de carga frontal', 90, 300),
    (4, 2, 4, 'Televisor', 'Samsung', 'GHI123', 'LED', 'Televisor inteligente', 180, 250),
    (5, 2, 5, 'Horno', 'KitchenAid', 'JKL456', 'Eléctrico', 'Horno eléctrico de convección', 60, 350),
    (6, 2, 6, 'Licuadora', 'Oster', 'MNO789', 'Vaso', 'Licuadora de alta velocidad', 15, 100),
    (7, 3, 7, 'Lavadora', 'Samsung', 'PQR123', 'Carga superior', 'Lavadora de carga superior', 75, 280),
    (8, 3, 8, 'Secadora', 'Whirlpool', 'STU456', 'Eléctrica', 'Secadora de ropa eléctrica', 120, 400),
    (9, 3, 9, 'Microondas', 'LG', 'VWX789', 'Empotrable', 'Microondas empotrable', 30, 200),
    (10, 3, 10, 'Licuadora', 'Hamilton Beach', 'YZA123', 'Vaso', 'Licuadora personal', 10, 80),
    (11, 3, 11, 'Cafetera', 'Keurig', 'BCD456', 'Automática', 'Cafetera automática', 20, 150),
    (12, 3, 12, 'Tostadora', 'Black+Decker', 'EFG789', 'De ranura', 'Tostadora de ranura larga', 5, 70),
    (13, 4, 13, 'Televisor', 'LG', 'HIJ123', 'LED', 'Televisor OLED', 150, 300),
    (14, 4, 14, 'Refrigeradora', 'Samsung', 'KLM456', 'Side-by-side', 'Refrigeradora side-by-side', 240, 500),
    (15, 4, 15, 'Lavadora', 'Maytag', 'NOP789', 'Carga superior', 'Lavadora de carga superior', 90, 320),
    (16, 4, 16, 'Secadora', 'LG', 'QRS123', 'Gas', 'Secadora de ropa a gas', 120, 400),
    (17, 4, 17, 'Licuadora', 'Ninja', 'TUV456', 'Vaso', 'Licuadora profesional', 20, 150),
    (18, 5, 18, 'Televisor', 'Sony', 'VWX123', 'LED', 'Televisor 4K', 180, 350),
    (19, 5, 19, 'Horno', 'Whirlpool', 'YZA456', 'Gas', 'Horno de gas', 60, 300),
    (20, 5, 20, 'Lavadora', 'LG', 'BCD789', 'Carga frontal', 'Lavadora de carga frontal', 90, 280),
    (21, 5, 21, 'Licuadora', 'Vitamix', 'EFG123', 'Vaso', 'Licuadora de alta potencia', 15, 120),
    (22, 6, 22, 'Refrigeradora', 'Samsung', 'HIJ456', 'Francesa', 'Refrigeradora francesa', 240, 400),
    (23, 6, 23, 'Lavadora', 'Whirlpool', 'KLM789', 'Carga superior', 'Lavadora de carga superior', 90, 300),
    (24, 6, 24, 'Secadora', 'LG', 'NOP123', 'Eléctrica', 'Secadora de ropa eléctrica', 120, 350),
    (25, 6, 25, 'Licuadora', 'Blendtec', 'QRS456', 'Vaso', 'Licuadora de alta velocidad', 20, 150),
    (26, 6, 26, 'Cafetera', 'Nespresso', 'TUV789', 'Automática', 'Cafetera automática', 30, 200),
    (27, 6, 27, 'Tostadora', 'Cuisinart', 'VWX456', 'De ranura', 'Tostadora de ranura larga', 5, 70),
    (28, 7, 28, 'Televisor', 'Samsung', 'YZA789', 'QLED', 'Televisor QLED', 150, 300),
    (29, 7, 29, 'Refrigeradora', 'LG', 'BCD123', 'Doble puerta', 'Refrigeradora de dos puertas', 240, 450),
    (30, 7, 30, 'Lavadora', 'Samsung', 'EFG456', 'Carga frontal', 'Lavadora de carga frontal', 90, 280),
    (31, 8, 31, 'Televisor', 'Sony', 'ABC123', 'LED', 'Televisor de alta definición', 120, 200),
    (32, 8, 32, 'Refrigeradora', 'LG', 'XYZ456', 'Doble puerta', 'Refrigeradora con congelador', 240, 400),
    (33, 8, 33, 'Lavadora', 'Whirlpool', 'DEF789', 'Carga frontal', 'Lavadora de carga frontal', 90, 300),
    (34, 8, 34, 'Horno', 'KitchenAid', 'JKL456', 'Eléctrico', 'Horno eléctrico de convección', 60, 350),
    (35, 8, 35, 'Licuadora', 'Oster', 'MNO789', 'Vaso', 'Licuadora de alta velocidad', 15, 100),
    (36, 8, 36, 'Cafetera', 'Keurig', 'PQR123', 'Automática', 'Cafetera automática', 20, 150),
    (37, 9, 37, 'Televisor', 'Samsung', 'GHI123', 'LED', 'Televisor inteligente', 180, 250),
    (38, 9, 38, 'Horno', 'LG', 'STU456', 'Eléctrico', 'Horno eléctrico', 60, 350),
    (39, 9, 39, 'Licuadora', 'Ninja', 'VWX789', 'Vaso', 'Licuadora profesional', 20, 150),
    (40, 9, 40, 'Cafetera', 'Hamilton Beach', 'YZA123', 'Automática', 'Cafetera automática', 30, 200),
    (41, 9, 41, 'Tostadora', 'Black+Decker', 'BCD456', 'De ranura', 'Tostadora de ranura larga', 5, 70),
    (42, 10, 42, 'Refrigeradora', 'Samsung', 'HIJ123', 'Side-by-side', 'Refrigeradora side-by-side', 240, 500),
    (43, 10, 43, 'Lavadora', 'Maytag', 'KLM456', 'Carga superior', 'Lavadora de carga superior', 90, 320),
    (44, 10, 44, 'Secadora', 'LG', 'NOP789', 'Eléctrica', 'Secadora de ropa eléctrica', 120, 400),
    (45, 10, 45, 'Licuadora', 'Blendtec', 'QRS123', 'Vaso', 'Licuadora de alta velocidad', 20, 150),
    (46, 10, 46, 'Cafetera', 'Nespresso', 'TUV456', 'Automática', 'Cafetera automática', 30, 200),
    (47, 10, 47, 'Tostadora', 'Cuisinart', 'VWX789', 'De ranura', 'Tostadora de ranura larga', 5, 70),
    (48, 10, 48, 'Microondas', 'Panasonic', 'YZA123', 'Empotrable', 'Microondas empotrable', 10, 120),
    (49, 11, 49, 'Televisor', 'Sony', 'ABC456', 'LED', 'Televisor 4K', 150, 300),
    (50, 11, 50, 'Refrigeradora', 'LG', 'XYZ789', 'Doble puerta', 'Refrigeradora de dos puertas', 240, 450),
    (51, 11, 51, 'Lavadora', 'Samsung', 'DEF123', 'Carga frontal', 'Lavadora de carga frontal', 90, 280),
    (52, 11, 52, 'Licuadora', 'Vitamix', 'GHI456', 'Vaso', 'Licuadora de alta potencia', 15, 120),
    (53, 11, 53, 'Cafetera', 'Breville', 'JKL789', 'Automática', 'Cafetera automática', 30, 200),
    (54, 12, 54, 'Refrigeradora', 'Whirlpool', 'MNO123', 'Francesa', 'Refrigeradora francesa', 240, 400),
    (55, 12, 55, 'Lavadora', 'LG', 'PQR456', 'Carga superior', 'Lavadora de carga superior', 90, 300),
    (56, 12, 56, 'Secadora', 'Samsung', 'STU789', 'Eléctrica', 'Secadora de ropa eléctrica', 120, 350),
    (57, 12, 57, 'Licuadora', 'KitchenAid', 'VWX123', 'Vaso', 'Licuadora de alta velocidad', 20, 150),
    (58, 12, 58, 'Cafetera', 'Hamilton Beach', 'YZA456', 'Automática', 'Cafetera automática', 30, 200),
    (59, 12, 59, 'Tostadora', 'Black+Decker', 'BCD789', 'De ranura', 'Tostadora de ranura larga', 5, 70),
    (60, 12, 60, 'Microondas', 'Panasonic', 'EFG123', 'Empotrable', 'Microondas empotrable', 10, 120),
    (61, 13, 61, 'Televisor', 'Samsung', 'HIJ456', 'QLED', 'Televisor QLED', 180, 350),
    (62, 13, 62, 'Refrigeradora', 'LG', 'KLM789', 'Side-by-side', 'Refrigeradora side-by-side', 240, 500),
    (63, 13, 63, 'Lavadora', 'Whirlpool', 'NOP123', 'Carga frontal', 'Lavadora de carga frontal', 90, 280),
    (64, 13, 64, 'Licuadora', 'Ninja', 'QRS456', 'Vaso', 'Licuadora profesional', 20, 150),
    (65, 13, 65, 'Cafetera', 'Keurig', 'TUV789', 'Automática', 'Cafetera automática', 30, 200),
    (66, 13, 66, 'Tostadora', 'Cuisinart', 'YZA456', 'De ranura', 'Tostadora de ranura larga', 5, 70),
    (67, 14, 67, 'Refrigeradora', 'Samsung', 'ABC789', 'Doble puerta', 'Refrigeradora de dos puertas', 240, 450),
    (68, 14, 68, 'Lavadora', 'Maytag', 'DEF123', 'Carga superior', 'Lavadora de carga superior', 90, 300),
    (69, 14, 69, 'Secadora', 'LG', 'GHI456', 'Eléctrica', 'Secadora de ropa eléctrica', 120, 350),
    (70, 14, 70, 'Licuadora', 'Blendtec', 'JKL789', 'Vaso', 'Licuadora de alta velocidad', 20, 150),
    (71, 14, 71, 'Cafetera', 'Nespresso', 'MNO123', 'Automática', 'Cafetera automática', 30, 200),
    (72, 14, 72, 'Tostadora', 'Black+Decker', 'PQR456', 'De ranura', 'Tostadora de ranura larga', 5, 70),
    (73, 14, 73, 'Microondas', 'Panasonic', 'STU789', 'Empotrable', 'Microondas empotrable', 10, 120),
    (74, 15, 74, 'Televisor', 'Sony', 'VWX123', 'LED', 'Televisor de alta definición', 120, 200),
    (75, 15, 75, 'Refrigeradora', 'LG', 'YZA456', 'Doble puerta', 'Refrigeradora con congelador', 240, 400),
    (76, 15, 76, 'Lavadora', 'Whirlpool', 'BCD789', 'Carga frontal', 'Lavadora de carga frontal', 90, 300),
    (77, 15, 77, 'Horno', 'KitchenAid', 'EFG123', 'Eléctrico', 'Horno eléctrico de convección', 60, 350),
    (78, 15, 78, 'Licuadora', 'Oster', 'HIJ456', 'Vaso', 'Licuadora de alta velocidad', 15, 100),
    (79, 16, 79, 'Televisor', 'Samsung', 'KLM789', 'LED', 'Televisor inteligente', 180, 250),
    (80, 16, 80, 'Horno', 'LG', 'NOP123', 'Eléctrico', 'Horno eléctrico', 60, 350),
    (81, 16, 81, 'Licuadora', 'Ninja', 'QRS456', 'Vaso', 'Licuadora profesional', 20, 150),
    (82, 16, 82, 'Cafetera', 'Hamilton Beach', 'TUV789', 'Automática', 'Cafetera automática', 30, 200),
    (83, 16, 83, 'Tostadora', 'Black+Decker', 'YZA456', 'De ranura', 'Tostadora de ranura larga', 5, 70),
    (84, 17, 84, 'Refrigeradora', 'Samsung', 'BCD789', 'Side-by-side', 'Refrigeradora side-by-side', 240, 500),
    (85, 17, 85, 'Lavadora', 'Maytag', 'EFG123', 'Carga superior', 'Lavadora de carga superior', 90, 320),
    (86, 17, 86, 'Secadora', 'LG', 'HIJ456', 'Eléctrica', 'Secadora de ropa eléctrica', 120, 400),
    (87, 17, 87, 'Licuadora', 'Blendtec', 'KLM789', 'Vaso', 'Licuadora de alta velocidad', 20, 150),
    (88, 17, 88, 'Cafetera', 'Nespresso', 'NOP123', 'Automática', 'Cafetera automática', 30, 200),
    (89, 17, 89, 'Tostadora', 'Cuisinart', 'QRS456', 'De ranura', 'Tostadora de ranura larga', 5, 70),
    (90, 17, 90, 'Microondas', 'Panasonic', 'TUV789', 'Empotrable', 'Microondas empotrable', 10, 120),
    (91, 18, 91, 'Televisor', 'Sony', 'YZA456', 'QLED', 'Televisor QLED', 150, 300),
    (92, 18, 92, 'Refrigeradora', 'LG', 'BCD789', 'Doble puerta', 'Refrigeradora de dos puertas', 240, 450),
    (93, 18, 93, 'Lavadora', 'Samsung', 'EFG123', 'Carga frontal', 'Lavadora de carga frontal', 90, 280),
    (94, 18, 94, 'Licuadora', 'Vitamix', 'HIJ456', 'Vaso', 'Licuadora de alta potencia', 15, 120),
    (95, 18, 95, 'Cafetera', 'Breville', 'KLM789', 'Automática', 'Cafetera automática', 30, 200),
    (96, 19, 96, 'Refrigeradora', 'Whirlpool', 'NOP123', 'Francesa', 'Refrigeradora francesa', 240, 400),
    (97, 19, 97, 'Lavadora', 'LG', 'QRS456', 'Carga superior', 'Lavadora de carga superior', 90, 300),
    (98, 19, 98, 'Secadora', 'Samsung', 'TUV789', 'Eléctrica', 'Secadora de ropa eléctrica', 120, 350),
    (99, 19, 99, 'Licuadora', 'KitchenAid', 'YZA456', 'Vaso', 'Licuadora de alta velocidad', 20, 150),
    (100, 19, 100, 'Cafetera', 'Hamilton Beach', 'BCD789', 'Automática', 'Cafetera automática', 30, 200),
    (101, 19, 101, 'Tostadora', 'Black+Decker', 'EFG123', 'De ranura', 'Tostadora de ranura larga', 5, 70),
    (102, 19, 102, 'Microondas', 'Panasonic', 'HIJ456', 'Empotrable', 'Microondas empotrable', 10, 120),
    (103, 20, 103, 'Televisor', 'Samsung', 'KLM789', 'LED', 'Televisor inteligente', 180, 350),
    (104, 20, 104, 'Refrigeradora', 'LG', 'NOP123', 'Side-by-side', 'Refrigeradora side-by-side', 240, 500),
    (105, 20, 105, 'Lavadora', 'Whirlpool', 'QRS456', 'Carga frontal', 'Lavadora de carga frontal', 90, 280),
    (106, 20, 106, 'Licuadora', 'Ninja', 'TUV789', 'Vaso', 'Licuadora profesional', 20, 150),
    (107, 20, 107, 'Cafetera', 'Keurig', 'YZA456', 'Automática', 'Cafetera automática', 30, 200),
    (108, 20, 108, 'Tostadora', 'Cuisinart', 'BCD789', 'De ranura', 'Tostadora de ranura larga', 5, 70),
    (109, 21, 109, 'Refrigeradora', 'Samsung', 'EFG123', 'Doble puerta', 'Refrigeradora de dos puertas', 240, 450),
    (110, 21, 110, 'Lavadora', 'Maytag', 'HIJ456', 'Carga superior', 'Lavadora de carga superior', 90, 300),
    (111, 21, 111, 'Secadora', 'LG', 'KLM789', 'Eléctrica', 'Secadora de ropa eléctrica', 120, 350),
    (112, 21, 112, 'Licuadora', 'Blendtec', 'NOP123', 'Vaso', 'Licuadora de alta velocidad', 20, 150),
    (113, 21, 113, 'Cafetera', 'Nespresso', 'QRS456', 'Automática', 'Cafetera automática', 30, 200),
    (114, 21, 114, 'Tostadora', 'Black+Decker', 'TUV789', 'De ranura', 'Tostadora de ranura larga', 5, 70),
    (115, 21, 115, 'Microondas', 'Panasonic', 'YZA456', 'Empotrable', 'Microondas empotrable', 10, 120),
    (116, 22, 116, 'Televisor', 'Sony', 'BCD789', 'LED', 'Televisor de alta definición', 120, 200),
    (117, 22, 117, 'Refrigeradora', 'LG', 'EFG123', 'Doble puerta', 'Refrigeradora con congelador', 240, 400),
    (118, 22, 118, 'Lavadora', 'Whirlpool', 'HIJ456', 'Carga frontal', 'Lavadora de carga frontal', 90, 300),
    (119, 22, 119, 'Horno', 'KitchenAid', 'KLM789', 'Eléctrico', 'Horno eléctrico de convección', 60, 350),
    (120, 22, 120, 'Licuadora', 'Oster', 'NOP123', 'Vaso', 'Licuadora de alta velocidad', 15, 100),
    (121, 23, 121, 'Televisor', 'Samsung', 'QRS456', 'LED', 'Televisor inteligente', 180, 250),
    (122, 23, 122, 'Horno', 'LG', 'TUV789', 'Eléctrico', 'Horno eléctrico', 60, 350),
    (123, 23, 123, 'Licuadora', 'Ninja', 'YZA456', 'Vaso', 'Licuadora profesional', 20, 150),
    (124, 23, 124, 'Cafetera', 'Hamilton Beach', 'BCD789', 'Automática', 'Cafetera automática', 30, 200),
    (125, 23, 125, 'Tostadora', 'Black+Decker', 'EFG123', 'De ranura', 'Tostadora de ranura larga', 5, 70),
    (126, 23, 126, 'Microondas', 'Panasonic', 'HIJ456', 'Empotrable', 'Microondas empotrable', 10, 120),
    (127, 24, 127, 'Refrigeradora', 'Samsung', 'KLM789', 'Doble puerta', 'Refrigeradora de dos puertas', 240, 450),
    (128, 24, 128, 'Lavadora', 'Maytag', 'NOP123', 'Carga frontal', 'Lavadora de carga frontal', 90, 280),
    (129, 24, 129, 'Secadora', 'LG', 'QRS456', 'Eléctrica', 'Secadora de ropa eléctrica', 120, 350),
    (130, 24, 130, 'Licuadora', 'Blendtec', 'TUV789', 'Vaso', 'Licuadora de alta velocidad', 20, 150),
    (131, 24, 131, 'Cafetera', 'Nespresso', 'YZA456', 'Automática', 'Cafetera automática', 30, 200),
    (132, 24, 132, 'Tostadora', 'Cuisinart', 'BCD789', 'De ranura', 'Tostadora de ranura larga', 5, 70),
    (133, 25, 133, 'Refrigeradora', 'Samsung', 'EFG123', 'Side-by-side', 'Refrigeradora side-by-side', 240, 500),
    (134, 25, 134, 'Lavadora', 'Maytag', 'HIJ456', 'Carga superior', 'Lavadora de carga superior', 90, 300),
    (135, 25, 135, 'Secadora', 'LG', 'KLM789', 'Eléctrica', 'Secadora de ropa eléctrica', 120, 350),
    (136, 25, 136, 'Licuadora', 'Blendtec', 'NOP123', 'Vaso', 'Licuadora de alta velocidad', 20, 150),
    (137, 25, 137, 'Cafetera', 'Nespresso', 'QRS456', 'Automática', 'Cafetera automática', 30, 200),
    (138, 25, 138, 'Tostadora', 'Cuisinart', 'TUV789', 'De ranura', 'Tostadora de ranura larga', 5, 70),
    (139, 25, 139, 'Microondas', 'Panasonic', 'YZA456', 'Empotrable', 'Microondas empotrable', 10, 120),
    (140, 26, 140, 'Televisor', 'Sony', 'BCD789', 'QLED', 'Televisor QLED', 150, 300),
    (141, 26, 141, 'Refrigeradora', 'LG', 'EFG123', 'Doble puerta', 'Refrigeradora de dos puertas', 240, 450),
    (142, 26, 142, 'Lavadora', 'Samsung', 'HIJ456', 'Carga frontal', 'Lavadora de carga frontal', 90, 280),
    (143, 26, 143, 'Licuadora', 'Vitamix', 'KLM789', 'Vaso', 'Licuadora de alta potencia', 15, 120),
    (144, 26, 144, 'Cafetera', 'Breville', 'NOP123', 'Automática', 'Cafetera automática', 30, 200),
    (145, 27, 145, 'Refrigeradora', 'Whirlpool', 'QRS456', 'Francesa', 'Refrigeradora francesa', 240, 400),
    (146, 27, 146, 'Lavadora', 'LG', 'TUV789', 'Carga superior', 'Lavadora de carga superior', 90, 300),
    (147, 27, 147, 'Secadora', 'Samsung', 'YZA456', 'Eléctrica', 'Secadora de ropa eléctrica', 120, 350),
    (148, 27, 148, 'Licuadora', 'KitchenAid', 'BCD789', 'Vaso', 'Licuadora de alta velocidad', 20, 150),
    (149, 27, 149, 'Cafetera', 'Hamilton Beach', 'EFG123', 'Automática', 'Cafetera automática', 30, 200),
    (150, 27, 150, 'Tostadora', 'Black+Decker', 'HIJ456', 'De ranura', 'Tostadora de ranura larga', 5, 70),
    (151, 27, 151, 'Microondas', 'Panasonic', 'KLM789', 'Empotrable', 'Microondas empotrable', 10, 120),
    (152, 28, 152, 'Televisor', 'Samsung', 'NOP123', 'LED', 'Televisor inteligente', 180, 350),
    (153, 28, 153, 'Refrigeradora', 'LG', 'QRS456', 'Side-by-side', 'Refrigeradora side-by-side', 240, 500),
    (154, 28, 154, 'Lavadora', 'Whirlpool', 'TUV789', 'Carga frontal', 'Lavadora de carga frontal', 90, 280),
    (155, 29, 155, 'Licuadora', 'Ninja', 'YZA456', 'Vaso', 'Licuadora profesional', 20, 150),
    (156, 29, 156, 'Cafetera', 'Keurig', 'BCD789', 'Automática', 'Cafetera automática', 30, 200),
    (157, 29, 157, 'Tostadora', 'Cuisinart', 'EFG123', 'De ranura', 'Tostadora de ranura larga', 5, 70),
    (158, 29, 158, 'Refrigeradora', 'Samsung', 'HIJ456', 'Doble puerta', 'Refrigeradora de dos puertas', 240, 450),
    (159, 30, 159, 'Lavadora', 'Maytag', 'KLM789', 'Carga superior', 'Lavadora de carga superior', 90, 300),
    (160, 30, 160, 'Secadora', 'LG', 'NOP123', 'Eléctrica', 'Secadora de ropa eléctrica', 120, 350);

-- Inserts para la tabla "aviso"
INSERT INTO aviso (idAviso, fecha, mensaje, descripcionDetallada, idUsuario, idElectrodomestico)
VALUES
    (1, '2023-06-25', 'Consumo de energía fuera de lo común', 'Tu licuadora está consumiendo demasiada energía', 1, 5),
    (2, '2023-06-26', 'Problema de temperatura en el refrigerador', 'La temperatura del refrigerador parece estar demasiado alta. Verifica su configuración.', 2, 12),
    (3, '2023-06-27', 'Exceso de tiempo de uso en el televisor', 'Has utilizado el televisor durante un período prolongado. Recuerda apagarlo cuando no lo estés utilizando.', 3, 19),
    (4, '2023-06-28', 'Posible fuga de agua en la lavadora', 'Se ha detectado una posible fuga de agua en la lavadora. Verifica su funcionamiento y revisa las conexiones.', 4, 8),
    (5, '2023-06-29', 'Alarma de seguridad activada', 'La alarma de seguridad de tu propiedad ha sido activada. Asegúrate de revisar el estado de tu hogar.', 5, 15),
    (6, '2023-06-30', 'Sobrecarga en el horno', 'Se ha detectado una sobrecarga en el horno. Verifica la carga eléctrica y evita conectar varios electrodomésticos a la vez.', 1, 22),
    (7, '2023-07-01', 'Consumo excesivo de energía en el aire acondicionado', 'El aire acondicionado está consumiendo una cantidad elevada de energía. Considera ajustar su configuración para ahorrar energía.', 2, 29),
    (8, '2023-07-02', 'Posible falla en la cafetera', 'La cafetera ha presentado un comportamiento irregular. Revisa su funcionamiento y realiza el mantenimiento necesario.', 3, 4),
    (9, '2023-07-03', 'Batería baja en el sistema de seguridad', 'La batería del sistema de seguridad está baja. Reemplázala para garantizar un correcto funcionamiento.', 4, 11),
    (10, '2023-07-04', 'Desconexión del sistema de iluminación exterior', 'Se ha detectado una desconexión en el sistema de iluminación exterior. Verifica las conexiones y restablece el suministro.', 5, 18),
    (11, '2023-07-05', 'Exceso de consumo en el hervidor de agua', 'El hervidor de agua está consumiendo más energía de lo habitual. Verifica su estado y realiza el mantenimiento correspondiente.', 1, 25),
    (12, '2023-07-06', 'Problema de conexión en el televisor', 'Se ha perdido la conexión del televisor. Verifica los cables y reinicia el dispositivo.', 2, 2),
    (13, '2023-07-07', 'Fallo en el sistema de riego', 'El sistema de riego ha presentado un fallo en su funcionamiento. Revisa las válvulas y realiza las reparaciones necesarias.', 3, 9),
    (14, '2023-07-08', 'Luz intermitente en el horno microondas', 'La luz del horno microondas parpadea de manera intermitente. Verifica su funcionamiento y realiza el mantenimiento correspondiente.', 4, 16),
    (15, '2023-07-09', 'Consumo elevado en el sistema de calefacción', 'El sistema de calefacción está consumiendo más energía de lo habitual. Considera ajustar la temperatura y programarlo de manera eficiente.', 5, 23),
    (16, '2023-07-10', 'Posible fuga de gas en la cocina', 'Se ha detectado una posible fuga de gas en la cocina. Verifica las conexiones y asegúrate de tener una ventilación adecuada.', 1, 30),
    (17, '2023-07-11', 'Consumo anormal en la secadora de ropa', 'La secadora de ropa está consumiendo más energía de lo habitual. Verifica su funcionamiento y realiza el mantenimiento correspondiente.', 2, 7),
    (18, '2023-07-12', 'Fallo en el sistema de alarma', 'El sistema de alarma ha presentado un fallo en su funcionamiento. Revisa los sensores y restablece la configuración.', 3, 14),
    (19, '2023-07-13', 'Exceso de tiempo de uso en la computadora', 'Has utilizado la computadora durante un período prolongado. Recuerda apagarla o ponerla en modo de suspensión cuando no la estés utilizando.', 4, 21),
    (20, '2023-07-14', 'Problema de temperatura en el congelador', 'La temperatura del congelador parece estar demasiado baja. Verifica su configuración y realiza el mantenimiento correspondiente.', 5, 28),
    (21, '2023-07-15', 'Fallo en el sistema de iluminación interior', 'El sistema de iluminación interior ha presentado un fallo en su funcionamiento. Revisa las bombillas y restablece el suministro.', 1, 3),
    (22, '2023-07-16', 'Consumo de energía inusual en el televisor', 'El televisor está consumiendo una cantidad inusual de energía. Verifica su configuración y realiza el mantenimiento necesario.', 2, 10),
    (23, '2023-07-17', 'Falla en el sistema de riego automático', 'El sistema de riego automático ha presentado una falla en su funcionamiento. Verifica los programadores y realiza las reparaciones necesarias.', 3, 17),
    (24, '2023-07-18', 'Consumo excesivo de energía en la nevera', 'La nevera está consumiendo una cantidad elevada de energía. Considera revisar su estado y ajustar la temperatura para ahorrar energía.', 4, 24),
    (25, '2023-07-19', 'Problema de encendido en el horno', 'El horno ha presentado problemas al encenderse. Verifica las conexiones y realiza el mantenimiento necesario.', 5, 1),
    (26, '2023-07-20', 'Fallo en el sistema de iluminación exterior', 'El sistema de iluminación exterior ha presentado un fallo en su funcionamiento. Revisa las bombillas y restablece el suministro.', 1, 6),
    (27, '2023-07-21', 'Consumo de energía inusual en la lavadora', 'La lavadora está consumiendo una cantidad inusual de energía. Verifica su configuración y realiza el mantenimiento necesario.', 2, 13),
    (28, '2023-07-22', 'Falla en el sistema de alarma', 'El sistema de alarma ha presentado un fallo en su funcionamiento. Revisa los sensores y restablece la configuración.', 3, 20),
    (29, '2023-07-23', 'Exceso de tiempo de uso en la computadora', 'Has utilizado la computadora durante un período prolongado. Recuerda apagarla o ponerla en modo de suspensión cuando no la estés utilizando.', 4, 27),
    (30, '2023-07-24', 'Problema de temperatura en el congelador', 'La temperatura del congelador parece estar demasiado baja. Verifica su configuración y realiza el mantenimiento correspondiente.', 5, 4);

-- Inserts para la tabla "estabilidad_poste"
INSERT INTO estabilidad_poste (idEstabilidadPoste, tipoEstabilidad, detalle)
VALUES 
    (1, 'Estable - Buen estado', 'El poste de luz se encuentra en buen estado y no presenta problemas de estabilidad.'),
    (2, 'Estable - Ligero desgaste', 'El poste de luz está en condiciones aceptables, pero muestra signos de desgaste leve.'),
    (3, 'Inestable - Necesita reparación', 'El poste de luz tiene problemas de estabilidad y requiere reparación para garantizar su seguridad y funcionalidad.'),
    (4, 'Inestable - Peligroso', 'El poste de luz está en un estado crítico de inestabilidad y representa un riesgo significativo.'),
    (5, 'En reparación - Partes reemplazadas', 'El poste de luz está en proceso de reparación y se han reemplazado ciertas partes para mejorar su estabilidad.'),
    (6, 'En reparación - Mantenimiento general', 'El poste de luz está en mantenimiento general para mejorar su estabilidad y funcionalidad.'),
    (7, 'No aplicable - Nuevo', 'El poste de luz es recién instalado y aún no ha tenido tiempo para mostrar problemas.'),
    (8, 'No aplicable - Información no disponible', 'No se tiene información sobre la estabilidad del poste de luz.');

-- Inserts para la tabla "poste_luz"
INSERT INTO poste_luz (idPosteLuz, fechaInstalacion, idEstabilidadPoste, idEmpresaReguladora, idZona)
VALUES
    (1, '2004-10-15', 2, 1, 50),
    (2, '1999-05-03', 8, 1, 72),
    (3, '1978-08-27', 4, 1, 65),
    (4, '2010-07-21', 6, 1, 91),
    (5, '1987-03-11', 3, 1, 45),
    (6, '2016-09-09', 5, 1, 40),
    (7, '1994-11-06', 1, 1, 52),
    (8, '2007-01-25', 7, 1, 68),
    (9, '2002-12-19', 2, 1, 53),
    (10, '2015-06-07', 6, 1, 36),
    (11, '1991-04-05', 4, 1, 83),
    (12, '2008-02-14', 3, 1, 57),
    (13, '1974-09-29', 8, 1, 67),
    (14, '2019-11-01', 5, 1, 54),
    (15, '1982-08-17', 1, 1, 43),
    (16, '2017-07-12', 7, 1, 62),
    (17, '1989-05-24', 2, 1, 78),
    (18, '2001-03-30', 6, 1, 49),
    (19, '1985-01-06', 4, 1, 75),
    (20, '2014-10-04', 3, 1, 61),
    (21, '1998-12-02', 8, 1, 87),
    (22, '2013-09-18', 5, 1, 55),
    (23, '1983-11-26', 1, 1, 47),
    (24, '2005-01-19', 7, 1, 70),
    (25, '1990-02-10', 2, 1, 38),
    (26, '2018-06-24', 6, 1, 81),
    (27, '1986-04-08', 4, 1, 33),
    (28, '2011-07-15', 3, 1, 74),
    (29, '1996-10-27', 8, 1, 41),
    (30, '2003-08-05', 5, 1, 63),
    (31, '1979-12-28', 1, 1, 46),
    (32, '2012-02-29', 7, 1, 69),
    (33, '1993-11-23', 2, 1, 86),
    (34, '2009-09-13', 6, 1, 37),
    (35, '1981-03-18', 4, 1, 76),
    (36, '2016-12-14', 3, 1, 58),
    (37, '1997-09-05', 8, 1, 73),
    (38, '2000-12-11', 5, 1, 56),
    (39, '1984-05-14', 1, 1, 44),
    (40, '2007-03-01', 7, 1, 66),
    (41, '1992-01-30', 2, 1, 80),
    (42, '2015-07-09', 6, 1, 35),
    (43, '1975-06-22', 4, 1, 84),
    (44, '2004-08-28', 3, 1, 59),
    (45, '1988-10-10', 8, 1, 37),
    (46, '2019-09-22', 5, 1, 51),
    (47, '1980-02-14', 1, 1, 42),
    (48, '2005-12-07', 7, 1, 65),
    (49, '1995-02-24', 2, 1, 79),
    (50, '2010-06-25', 6, 1, 33),
    (51, '1976-12-16', 4, 1, 88),
    (52, '2007-09-10', 3, 1, 60),
    (53, '1993-03-15', 8, 1, 77),
    (54, '2018-10-17', 5, 1, 48),
    (55, '1983-12-30', 1, 1, 39),
    (56, '2005-08-31', 7, 1, 71),
    (57, '1999-10-20', 2, 1, 85),
    (58, '2012-05-11', 6, 1, 34),
    (59, '1977-02-09', 4, 1, 82),
    (60, '2003-11-08', 3, 1, 64),
    (61, '1991-08-02', 8, 1, 50),
    (62, '2016-03-26', 5, 1, 31),
    (63, '1984-10-06', 1, 1, 41),
    (64, '2006-05-31', 7, 1, 64),
    (65, '1997-07-25', 2, 1, 74),
    (66, '2019-04-17', 6, 1, 43),
    (67, '1978-01-12', 4, 1, 77),
    (68, '2011-06-08', 3, 1, 62),
    (69, '1992-09-03', 8, 1, 52),
    (70, '2008-05-27', 5, 1, 49),
    (71, '1974-07-07', 6, 1, 81),
    (72, '2011-02-25', 4, 1, 32),
    (73, '1996-10-15', 8, 1, 61),
    (74, '2004-03-02', 5, 1, 40),
    (75, '1987-11-27', 1, 1, 78),
    (76, '2017-01-23', 7, 1, 56),
    (77, '1995-09-05', 2, 1, 35),
    (78, '2013-06-19', 6, 1, 87),
    (79, '1978-08-12', 4, 1, 67),
    (80, '2018-09-07', 3, 1, 54),
    (81, '1991-12-30', 8, 1, 44),
    (82, '2003-11-17', 5, 1, 72),
    (83, '1989-04-12', 1, 1, 53),
    (84, '2005-01-29', 7, 1, 68),
    (85, '1990-10-25', 2, 1, 64),
    (86, '2015-05-14', 6, 1, 63),
    (87, '1977-11-04', 4, 1, 88),
    (88, '2008-02-29', 3, 1, 57),
    (89, '1998-09-20', 8, 1, 41),
    (90, '2001-08-05', 5, 1, 66),
    (91, '1982-05-24', 1, 1, 48),
    (92, '2016-07-11', 7, 1, 70),
    (93, '1994-06-01', 2, 1, 39),
    (94, '2010-02-17', 6, 1, 83),
    (95, '1979-04-18', 4, 1, 51),
    (96, '2009-07-02', 3, 1, 75),
    (97, '1988-03-12', 8, 1, 58),
    (98, '2002-09-23', 5, 1, 44),
    (99, '1997-06-09', 1, 1, 73),
    (100, '2019-03-27', 7, 1, 60);

-- Inserts para la tabla "calificacion"
INSERT INTO calificacion (idPosteLuz, idUsuario, cantEstrellas, comentario)
VALUES
    (1, 4, '4', 'El poste se encuentra en buen estado, pero podría mejorar su estabilidad.'),
    (2, 2, '5', 'El poste está en excelentes condiciones, muy estable.'),
    (3, 1, '3', 'El poste necesita reparaciones para mejorar su estabilidad.'),
    (4, 3, '2', 'El poste es peligroso y requiere atención inmediata.'),
    (5, 5, '1', 'El poste presenta un desgaste considerable y es inestable.'),
    (6, 1, '4', 'El poste está en proceso de reparación y se han reemplazado algunas partes.'),
    (7, 3, '5', 'El poste es nuevo y no ha presentado problemas de estabilidad.'),
    (8, 4, '3', 'No se dispone de información sobre la estabilidad del poste.'),
    (9, 5, '4', 'El poste se encuentra en buen estado, pero podría mejorar su estabilidad.'),
    (10, 2, '5', 'El poste está en excelentes condiciones, muy estable.'),
    (11, 3, '3', 'El poste necesita reparaciones para mejorar su estabilidad.'),
    (12, 1, '2', 'El poste es peligroso y requiere atención inmediata.'),
    (13, 4, '1', 'El poste presenta un desgaste considerable y es inestable.'),
    (14, 2, '4', 'El poste está en proceso de reparación y se han reemplazado algunas partes.'),
    (15, 5, '5', 'El poste es nuevo y no ha presentado problemas de estabilidad.'),
    (16, 3, '3', 'No se dispone de información sobre la estabilidad del poste.'),
    (17, 2, '5', 'El poste de luz se encuentra en excelente estado y es muy estable.'),
    (18, 4, '2', 'El poste presenta desgaste moderado y su estabilidad es comprometida.'),
    (19, 1, '3', 'Se requiere reparación en el poste de luz para mejorar su estabilidad.'),
    (20, 3, '4', 'El poste está en proceso de mantenimiento general para garantizar su estabilidad.'),
    (21, 5, '1', 'El poste está en un estado crítico de inestabilidad y representa un riesgo significativo.'),
    (22, 1, '5', 'El poste de luz es nuevo y no ha mostrado problemas de estabilidad.'),
    (23, 2, '3', 'El poste presenta un ligero desgaste, pero mantiene su estabilidad.'),
    (24, 4, '4', 'Se han reemplazado partes del poste de luz para mejorar su estabilidad.'),
    (25, 3, '2', 'El poste está en mal estado y necesita reparación urgente para mantener su estabilidad.'),
    (26, 5, '3', 'El poste muestra signos de desgaste leve, pero su estabilidad es aceptable.'),
    (27, 1, '5', 'El poste de luz está en excelente estado y se mantiene estable.'),
    (28, 2, '4', 'El poste necesita mantenimiento para mejorar su estabilidad.'),
    (29, 4, '3', 'El poste presenta problemas de estabilidad y requiere reparación.'),
    (30, 3, '2', 'El poste de luz es inestable y representa un riesgo para la seguridad.'),
    (31, 5, '1', 'El poste está en malas condiciones y necesita reparación urgente para mantener su estabilidad.'),
    (32, 1, '4', 'Se están realizando trabajos de reparación en el poste de luz para mejorar su estabilidad.'),
    (33, 2, '5', 'El poste es nuevo y no ha presentado problemas de estabilidad.'),
    (34, 4, '3', 'El poste está en proceso de mantenimiento para garantizar su estabilidad.'),
    (35, 1, '4', 'El poste de luz presenta un desgaste moderado, pero se mantiene estable.'),
    (36, 3, '2', 'Se requiere reparación en el poste de luz para mejorar su estabilidad.'),
    (37, 5, '3', 'El poste está en buen estado, pero muestra signos de desgaste leve en su estabilidad.'),
    (38, 1, '5', 'Se han realizado mejoras en el poste de luz para aumentar su estabilidad.'),
    (39, 2, '4', 'El poste necesita atención y reparación para mantener su estabilidad.'),
    (40, 4, '3', 'El poste presenta problemas de estabilidad y requiere reparación.'),
    (41, 3, '2', 'El poste de luz es inestable y representa un riesgo para la seguridad.'),
    (42, 5, '1', 'El poste está en mal estado y necesita reparación urgente para mantener su estabilidad.'),
    (43, 1, '4', 'El poste de luz muestra desgaste, pero aún mantiene su estabilidad.'),
    (44, 2, '5', 'El poste es nuevo y no ha presentado problemas de estabilidad.'),
    (45, 4, '3', 'El poste está en proceso de mantenimiento para garantizar su estabilidad.'),
    (46, 1, '4', 'El poste de luz está en buenas condiciones y se mantiene estable.'),
    (47, 3, '2', 'El poste necesita mantenimiento para mejorar su estabilidad.'),
    (48, 5, '3', 'El poste presenta problemas de estabilidad y requiere reparación.'),
    (49, 3, '2', 'El poste de luz es inestable y representa un riesgo para la seguridad.'),
    (50, 1, '1', 'El poste está en malas condiciones y necesita reparación urgente para mantener su estabilidad.'),
    (51, 2, '4', 'Se están realizando trabajos de reparación en el poste de luz para mejorar su estabilidad.'),
    (52, 4, '5', 'El poste es nuevo y no ha presentado problemas de estabilidad.'),
    (53, 3, '3', 'El poste está en proceso de mantenimiento para garantizar su estabilidad.'),
    (54, 1, '4', 'El poste de luz presenta un desgaste moderado, pero se mantiene estable.'),
    (55, 2, '2', 'Se requiere reparación en el poste de luz para mejorar su estabilidad.'),
    (56, 4, '3', 'El poste está en buen estado, pero muestra signos de desgaste leve en su estabilidad.'),
    (57, 1, '5', 'Se han realizado mejoras en el poste de luz para aumentar su estabilidad.'),
    (58, 2, '4', 'El poste necesita atención y reparación para mantener su estabilidad.'),
    (59, 4, '3', 'El poste presenta problemas de estabilidad y requiere reparación.'),
    (60, 3, '2', 'El poste de luz es inestable y representa un riesgo para la seguridad.'),
    (61, 5, '1', 'El poste está en mal estado y necesita reparación urgente para mantener su estabilidad.'),
    (62, 1, '4', 'El poste de luz muestra desgaste, pero aún mantiene su estabilidad.'),
    (63, 2, '5', 'El poste es nuevo y no ha presentado problemas de estabilidad.'),
    (64, 4, '3', 'El poste está en proceso de mantenimiento para garantizar su estabilidad.'),
    (65, 1, '4', 'El poste de luz está en buenas condiciones y se mantiene estable.'),
    (66, 3, '2', 'El poste necesita mantenimiento para mejorar su estabilidad.'),
    (67, 5, '3', 'El poste presenta problemas de estabilidad y requiere reparación.'),
    (68, 3, '2', 'El poste de luz es inestable y representa un riesgo para la seguridad.'),
    (69, 1, '1', 'El poste está en malas condiciones y necesita reparación urgente para mantener su estabilidad.'),
    (70, 2, '4', 'Se están realizando trabajos de reparación en el poste de luz para mejorar su estabilidad.'),
    (71, 4, '5', 'El poste es nuevo y no ha presentado problemas de estabilidad.'),
    (72, 3, '3', 'El poste está en proceso de mantenimiento para garantizar su estabilidad.'),
    (73, 1, '4', 'El poste de luz presenta un desgaste moderado, pero se mantiene estable.'),
    (74, 2, '2', 'Se requiere reparación en el poste de luz para mejorar su estabilidad.'),
    (75, 4, '3', 'El poste está en buen estado, pero muestra signos de desgaste leve en su estabilidad.'),
    (76, 1, '5', 'Se han realizado mejoras en el poste de luz para aumentar su estabilidad.'),
    (77, 2, '4', 'El poste necesita atención y reparación para mantener su estabilidad.'),
    (78, 4, '3', 'El poste presenta problemas de estabilidad y requiere reparación.'),
    (79, 3, '2', 'El poste de luz es inestable y representa un riesgo para la seguridad.'),
    (80, 5, '1', 'El poste está en mal estado y necesita reparación urgente para mantener su estabilidad.'),
    (81, 1, '4', 'El poste de luz muestra desgaste, pero aún mantiene su estabilidad.'),
    (82, 2, '5', 'El poste es nuevo y no ha presentado problemas de estabilidad.'),
    (83, 4, '3', 'El poste está en proceso de mantenimiento para garantizar su estabilidad.'),
    (84, 1, '4', 'El poste de luz está en buenas condiciones y se mantiene estable.'),
    (85, 3, '2', 'El poste necesita mantenimiento para mejorar su estabilidad.'),
    (86, 5, '3', 'El poste presenta problemas de estabilidad y requiere reparación.'),
    (87, 3, '2', 'El poste de luz es inestable y representa un riesgo para la seguridad.'),
    (88, 1, '1', 'El poste está en malas condiciones y necesita reparación urgente para mantener su estabilidad.'),
    (89, 2, '4', 'Se están realizando trabajos de reparación en el poste de luz para mejorar su estabilidad.'),
    (90, 4, '5', 'El poste es nuevo y no ha presentado problemas de estabilidad.'),
    (91, 3, '3', 'El poste está en proceso de mantenimiento para garantizar su estabilidad.'),
    (92, 1, '4', 'El poste de luz presenta un desgaste moderado, pero se mantiene estable.'),
    (93, 2, '2', 'Se requiere reparación en el poste de luz para mejorar su estabilidad.'),
    (94, 4, '3', 'El poste está en buen estado, pero muestra signos de desgaste leve en su estabilidad.'),
    (95, 1, '5', 'Se han realizado mejoras en el poste de luz para aumentar su estabilidad.'),
    (96, 2, '4', 'El poste necesita atención y reparación para mantener su estabilidad.'),
    (97, 4, '3', 'El poste presenta problemas de estabilidad y requiere reparación.'),
    (98, 3, '2', 'El poste de luz es inestable y representa un riesgo para la seguridad.'),
    (99, 5, '1', 'El poste está en mal estado y necesita reparación urgente para mantener su estabilidad.'),
    (100, 1, '4', 'El poste de luz muestra desgaste, pero aún mantiene su estabilidad.');

-- Inserts para la tabla "tipo_mantenimiento"
INSERT INTO tipo_mantenimiento (idTipoMantenimiento, tipoMantenimiento, detalle)
VALUES
    (1, 'Mantenimiento preventivo regular', 'Inspección visual del poste, revisión de conexiones eléctricas, limpieza de componentes, y reemplazo de piezas desgastadas.'),
    (2, 'Mantenimiento correctivo', 'Reparación de averías y fallos identificados en el poste de luz, como reemplazo de componentes defectuosos o solución de problemas eléctricos.'),
    (3, 'Mantenimiento de limpieza', 'Limpieza periódica del poste de luz para eliminar suciedad, polvo, excrementos de aves u otros elementos que puedan afectar su funcionamiento.'),
    (4, 'Mantenimiento de pintura', 'Aplicación de pintura protectora en el poste de luz para prevenir la corrosión y mantener su apariencia estética.'),
    (5, 'Mantenimiento de luminarias', 'Reemplazo o reparación de las luminarias del poste de luz, incluyendo bombillas, reflectores, balastos u otros componentes relacionados con la iluminación.');

-- Inserts para la tabla "tecnico"
INSERT INTO tecnico (idTecnico, nombres, apellidos, telefono, dni, aniosServicio, mesesServicio, empresa)
VALUES
    (1, 'Juan', 'Pérez González', '987654321', '73648928', 5, 8, 'Electroperú'),
    (2, 'María', 'González López', '912345678', '76543231', 3, 4, 'Edegel'),
    (3, 'Pedro', 'López Rodríguez', '923456789', '23456768', 7, 2, 'Engie'),
    (4, 'Ana', 'Rodríguez Pérez', '934567890', '34567895', 6, 11, 'Enel'),
    (5, 'Carlos', 'Sánchez García', '945678901', '45678950', 2, 9, 'Luz del Sur'),
    (6, 'Laura', 'Fernández Martínez', '956789012', '56789021', 4, 6, 'Hidrandina'),
    (7, 'Luis', 'Martínez González', '967890123', '67890212', 3, 10, 'Fenix Power'),
    (8, 'Sofía', 'Gómez López', '978901234', '78901423', 8, 7, 'Electrocentro'),
    (9, 'Diego', 'Hernández Rodríguez', '989012345', '89012434', 5, 3, 'Electro Oriente'),
    (10, 'Julia', 'Moreno García', '900123456', '90123245', 2, 5, 'EnerSur'),
    (11, 'Andrés', 'Torres Martínez', '911234567', '01234516', 6, 9, 'Ipsa'),
    (12, 'Valeria', 'Cruz Sánchez', '922345678', '85728391', 4, 2, 'Eteselva'),
    (13, 'Roberto', 'Mendoza Pérez', '933456789', '23456758', 3, 8, 'Esel'),
    (14, 'Carolina', 'Ortega García', '944567890', '34567819', 7, 4, 'Distriluz'),
    (15, 'Fernando', 'Lara González', '955678901', '45678920', 6, 1, 'Distriluz');

-- Inserts para la tabla "mantenimiento"
INSERT INTO mantenimiento (idTecnico, idPosteLuz, detalle, fecha, hora, calidad, idTipoMantenimiento) VALUES
    (7, 89, 'Inspección visual del poste, revisión de conexiones eléctricas, limpieza de componentes, y reemplazo de piezas desgastadas.', '2020-08-15', '09:30:00', 'Buena', 1),
    (11, 64, 'Reparación de averías y fallos identificados en el poste de luz, como reemplazo de componentes defectuosos o solución de problemas eléctricos.', '2019-02-27', '14:45:00', 'Normal', 2),
    (5, 72, 'Limpieza periódica del poste de luz para eliminar suciedad, polvo, excrementos de aves u otros elementos que puedan afectar su funcionamiento.', '2017-06-10', '11:15:00', 'Buena', 3),
    (3, 22, 'Reparación de averías y fallos identificados en el poste de luz, como reemplazo de componentes defectuosos o solución de problemas eléctricos.', '2021-12-03', '13:20:00', 'Buena', 2),
    (6, 26, 'Inspección visual del poste, revisión de conexiones eléctricas, limpieza de componentes, y reemplazo de piezas desgastadas.', '2018-07-28', '10:50:00', 'Normal', 1),
    (10, 72, 'Limpieza periódica del poste de luz para eliminar suciedad, polvo, excrementos de aves u otros elementos que puedan afectar su funcionamiento.', '2017-11-15', '16:30:00', 'Buena', 3),
    (13, 51, 'Reparación de averías y fallos identificados en el poste de luz, como reemplazo de componentes defectuosos o solución de problemas eléctricos.', '2022-04-09', '09:40:00', 'Normal', 2),
    (4, 26, 'Inspección visual del poste, revisión de conexiones eléctricas, limpieza de componentes, y reemplazo de piezas desgastadas.', '2021-01-18', '15:20:00', 'Buena', 1),
    (7, 82, 'Reparación de averías y fallos identificados en el poste de luz, como reemplazo de componentes defectuosos o solución de problemas eléctricos.', '2020-02-04', '11:10:00', 'Normal', 2),
    (2, 92, 'Limpieza periódica del poste de luz para eliminar suciedad, polvo, excrementos de aves u otros elementos que puedan afectar su funcionamiento.', '2018-09-29', '14:30:00', 'Buena', 3),
    (8, 37, 'Reparación de averías y fallos identificados en el poste de luz, como reemplazo de componentes defectuosos o solución de problemas eléctricos.', '2017-04-17', '10:40:00', 'Buena', 2),
    (15, 29, 'Inspección visual del poste, revisión de conexiones eléctricas, limpieza de componentes, y reemplazo de piezas desgastadas.', '2022-09-06', '13:15:00', 'Mala', 1),
    (11, 75, 'Limpieza periódica del poste de luz para eliminar suciedad, polvo, excrementos de aves u otros elementos que puedan afectar su funcionamiento.', '2019-07-22', '16:50:00', 'Buena', 3),
    (9, 45, 'Reparación de averías y fallos identificados en el poste de luz, como reemplazo de componentes defectuosos o solución de problemas eléctricos.', '2021-03-11', '09:55:00', 'Normal', 2),
    (6, 83, 'Inspección visual del poste, revisión de conexiones eléctricas, limpieza de componentes, y reemplazo de piezas desgastadas.', '2018-10-01', '14:25:00', 'Buena', 1),
    (14, 89, 'Reparación de averías y fallos identificados en el poste de luz, como reemplazo de componentes defectuosos o solución de problemas eléctricos.', '2023-05-28', '10:05:00', 'Normal', 2),
    (2, 75, 'Limpieza periódica del poste de luz para eliminar suciedad, polvo, excrementos de aves u otros elementos que puedan afectar su funcionamiento.', '2019-01-12', '15:40:00', 'Buena', 3),
    (5, 45, 'Reparación de averías y fallos identificados en el poste de luz, como reemplazo de componentes defectuosos o solución de problemas eléctricos.', '2017-08-05', '09:00:00', 'Buena', 2),
    (9, 66, 'Inspección visual del poste, revisión de conexiones eléctricas, limpieza de componentes, y reemplazo de piezas desgastadas.', '2022-02-19', '12:35:00', 'Buena', 1),
    (12, 92, 'Limpieza periódica del poste de luz para eliminar suciedad, polvo, excrementos de aves u otros elementos que puedan afectar su funcionamiento.', '2020-03-08', '16:15:00', 'Buena', 3),
    (1, 66, 'Reparación de averías y fallos identificados en el poste de luz, como reemplazo de componentes defectuosos o solución de problemas eléctricos.', '2019-06-26', '11:25:00', 'Normal', 2),
    (10, 56, 'Limpieza periódica del poste de luz para eliminar suciedad, polvo, excrementos de aves u otros elementos que puedan afectar su funcionamiento.', '2021-09-25', '10:10:00', 'Buena', 3),
    (14, 19, 'Reparación de averías y fallos identificados en el poste de luz, como reemplazo de componentes defectuosos o solución de problemas eléctricos.', '2023-01-02', '15:35:00', 'Normal', 2),
    (3, 51, 'Inspección visual del poste, revisión de conexiones eléctricas, limpieza de componentes, y reemplazo de piezas desgastadas.', '2020-07-20', '09:45:00', 'Buena', 1),
    (7, 83, 'Reparación de averías y fallos identificados en el poste de luz, como reemplazo de componentes defectuosos o solución de problemas eléctricos.', '2020-09-17', '14:05:00', 'Normal', 2),
    (4, 48, 'Limpieza periódica del poste de luz para eliminar suciedad, polvo, excrementos de aves u otros elementos que puedan afectar su funcionamiento.', '2018-01-31', '10:25:00', 'Buena', 3),
    (8, 32, 'Reparación de averías y fallos identificados en el poste de luz, como reemplazo de componentes defectuosos o solución de problemas eléctricos.', '2017-07-16', '16:55:00', 'Buena', 2),
    (12, 91, 'Inspección visual del poste, revisión de conexiones eléctricas, limpieza de componentes, y reemplazo de piezas desgastadas.', '2021-05-09', '11:05:00', 'Buena', 1),
    (6, 62, 'Reparación de averías y fallos identificados en el poste de luz, como reemplazo de componentes defectuosos o solución de problemas eléctricos.', '2018-03-13', '09:50:00', 'Normal', 2),
    (11, 68, 'Inspección visual del poste, revisión de conexiones eléctricas, limpieza de componentes, y reemplazo de piezas desgastadas.', '2022-11-30', '13:25:00', 'Buena', 1),
    (5, 84, 'Limpieza periódica del poste de luz para eliminar suciedad, polvo, excrementos de aves u otros elementos que puedan afectar su funcionamiento.', '2017-09-15', '10:55:00', 'Buena', 3),
    (9, 47, 'Reparación de averías y fallos identificados en el poste de luz, como reemplazo de componentes defectuosos o solución de problemas eléctricos.', '2021-04-03', '15:35:00', 'Normal', 2),
    (13, 95, 'Inspección visual del poste, revisión de conexiones eléctricas, limpieza de componentes, y reemplazo de piezas desgastadas.', '2022-10-16', '09:15:00', 'Buena', 1),
    (8, 59, 'Reparación de averías y fallos identificados en el poste de luz, como reemplazo de componentes defectuosos o solución de problemas eléctricos.', '2017-10-07', '10:20:00', 'Normal', 2),
    (3, 71, 'Inspección visual del poste, revisión de conexiones eléctricas, limpieza de componentes, y reemplazo de piezas desgastadas.', '2021-11-29', '13:55:00', 'Buena', 1),
    (6, 80, 'Limpieza periódica del poste de luz para eliminar suciedad, polvo, excrementos de aves u otros elementos que puedan afectar su funcionamiento.', '2018-06-05', '16:35:00', 'Buena', 3),
    (10, 21, 'Reparación de averías y fallos identificados en el poste de luz, como reemplazo de componentes defectuosos o solución de problemas eléctricos.', '2021-12-22', '10:45:00', 'Normal', 2),
    (14, 29, 'Inspección visual del poste, revisión de conexiones eléctricas, limpieza de componentes, y reemplazo de piezas desgastadas.', '2023-03-30', '15:15:00', 'Mala', 1),
    (1, 70, 'Limpieza periódica del poste de luz para eliminar suciedad, polvo, excrementos de aves u otros elementos que puedan afectar su funcionamiento.', '2019-05-16', '09:30:00', 'Buena', 3),
    (5, 18, 'Reparación de averías y fallos identificados en el poste de luz, como reemplazo de componentes defectuosos o solución de problemas eléctricos.', '2017-11-02', '14:05:00', 'Buena', 2),
    (9, 63, 'Inspección visual del poste, revisión de conexiones eléctricas, limpieza de componentes, y reemplazo de piezas desgastadas.', '2022-07-16', '11:40:00', 'Buena', 1),
    (12, 84, 'Limpieza periódica del poste de luz para eliminar suciedad, polvo, excrementos de aves u otros elementos que puedan afectar su funcionamiento.', '2020-08-03', '15:20:00', 'Buena', 3),
    (1, 75, 'Reparación de averías y fallos identificados en el poste de luz, como reemplazo de componentes defectuosos o solución de problemas eléctricos.', '2019-10-21', '10:30:00', 'Normal', 2),
    (4, 78, 'Inspección visual del poste, revisión de conexiones eléctricas, limpieza de componentes, y reemplazo de piezas desgastadas.', '2021-06-08', '13:05:00', 'Buena', 1),
    (8, 68, 'Limpieza periódica del poste de luz para eliminar suciedad, polvo, excrementos de aves u otros elementos que puedan afectar su funcionamiento.', '2018-09-25', '16:45:00', 'Buena', 3),
    (13, 43, 'Reparación de averías y fallos identificados en el poste de luz, como reemplazo de componentes defectuosos o solución de problemas eléctricos.', '2022-02-12', '11:55:00', 'Normal', 2),
    (2, 80, 'Inspección visual del poste, revisión de conexiones eléctricas, limpieza de componentes, y reemplazo de piezas desgastadas.', '2019-12-29', '14:30:00', 'Buena', 1),
    (11, 39, 'Reparación de averías y fallos identificados en el poste de luz, como reemplazo de componentes defectuosos o solución de problemas eléctricos.', '2022-09-03', '15:30:00', 'Normal', 2),
    (3, 69, 'Inspección visual del poste, revisión de conexiones eléctricas, limpieza de componentes, y reemplazo de piezas desgastadas.', '2020-11-20', '09:40:00', 'Buena', 1),
    (7, 92, 'Limpieza periódica del poste de luz para eliminar suciedad, polvo, excrementos de aves u otros elementos que puedan afectar su funcionamiento.', '2020-02-06', '14:15:00', 'Buena', 3),
    (4, 44, 'Reparación de averías y fallos identificados en el poste de luz, como reemplazo de componentes defectuosos o solución de problemas eléctricos.', '2017-06-22', '10:55:00', 'Buena', 2),
    (10, 89, 'Inspección visual del poste, revisión de conexiones eléctricas, limpieza de componentes, y reemplazo de piezas desgastadas.', '2022-05-31', '13:30:00', 'Buena', 1),
    (14, 67, 'Limpieza periódica del poste de luz para eliminar suciedad, polvo, excrementos de aves u otros elementos que puedan afectar su funcionamiento.', '2023-04-17', '16:10:00', 'Normal', 3),
    (3, 58, 'Reparación de averías y fallos identificados en el poste de luz, como reemplazo de componentes defectuosos o solución de problemas eléctricos.', '2020-08-07', '11:40:00', 'Buena', 2),
    (9, 49, 'Inspección visual del poste, revisión de conexiones eléctricas, limpieza de componentes, y reemplazo de piezas desgastadas.', '2019-02-14', '09:15:00', 'Normal', 1),
    (15, 93, 'Limpieza periódica del poste de luz para eliminar suciedad, polvo, excrementos de aves u otros elementos que puedan afectar su funcionamiento.', '2021-11-02', '15:20:00', 'Buena', 3),
    (1, 85, 'Reparación de averías y fallos identificados en el poste de luz, como reemplazo de componentes defectuosos o solución de problemas eléctricos.', '2018-07-20', '12:00:00', 'Buena', 2),
    (7, 71, 'Inspección visual del poste, revisión de conexiones eléctricas, limpieza de componentes, y reemplazo de piezas desgastadas.', '2023-02-05', '10:10:00', 'Normal', 1),
    (13, 63, 'Limpieza periódica del poste de luz para eliminar suciedad, polvo, excrementos de aves u otros elementos que puedan afectar su funcionamiento.', '2020-05-22', '13:50:00', 'Buena', 3),
    (6, 95, 'Reparación de averías y fallos identificados en el poste de luz, como reemplazo de componentes defectuosos o solución de problemas eléctricos.', '2022-10-08', '15:40:00', 'Buena', 2),
    (12, 76, 'Inspección visual del poste, revisión de conexiones eléctricas, limpieza de componentes, y reemplazo de piezas desgastadas.', '2021-01-25', '14:00:00', 'Buena', 1),
    (2, 97, 'Limpieza periódica del poste de luz para eliminar suciedad, polvo, excrementos de aves u otros elementos que puedan afectar su funcionamiento.', '2019-04-11', '10:35:00', 'Buena', 3),
    (8, 65, 'Reparación de averías y fallos identificados en el poste de luz, como reemplazo de componentes defectuosos o solución de problemas eléctricos.', '2018-08-28', '16:00:00', 'Buena', 2),
    (14, 88, 'Inspección visual del poste, revisión de conexiones eléctricas, limpieza de componentes, y reemplazo de piezas desgastadas.', '2022-07-06', '11:15:00', 'Normal', 1),
    (5, 100, 'Limpieza periódica del poste de luz para eliminar suciedad, polvo, excrementos de aves u otros elementos que puedan afectar su funcionamiento.', '2021-03-15', '14:30:00', 'Buena', 3),
    (11, 80, 'Reparación de averías y fallos identificados en el poste de luz, como reemplazo de componentes defectuosos o solución de problemas eléctricos.', '2020-01-31', '09:50:00', 'Buena', 2),
    (4, 89, 'Inspección visual del poste, revisión de conexiones eléctricas, limpieza de componentes, y reemplazo de piezas desgastadas.', '2023-06-08', '12:20:00', 'Buena', 1),
    (10, 79, 'Limpieza periódica del poste de luz para eliminar suciedad, polvo, excrementos de aves u otros elementos que puedan afectar su funcionamiento.', '2022-01-15', '10:45:00', 'Buena', 3),
    (1, 54, 'Reparación de averías y fallos identificados en el poste de luz, como reemplazo de componentes defectuosos o solución de problemas eléctricos.', '2021-04-22', '16:10:00', 'Buena', 2),
    (7, 68, 'Inspección visual del poste, revisión de conexiones eléctricas, limpieza de componentes, y reemplazo de piezas desgastadas.', '2020-08-09', '11:30:00', 'Normal', 1),
    (13, 73, 'Limpieza periódica del poste de luz para eliminar suciedad, polvo, excrementos de aves u otros elementos que puedan afectar su funcionamiento.', '2019-12-01', '09:55:00', 'Buena', 3),
    (6, 57, 'Reparación de averías y fallos identificados en el poste de luz, como reemplazo de componentes defectuosos o solución de problemas eléctricos.', '2018-05-18', '14:25:00', 'Buena', 2),
    (12, 70, 'Inspección visual del poste, revisión de conexiones eléctricas, limpieza de componentes, y reemplazo de piezas desgastadas.', '2023-04-05', '10:05:00', 'Buena', 1),
    (2, 67, 'Limpieza periódica del poste de luz para eliminar suciedad, polvo, excrementos de aves u otros elementos que puedan afectar su funcionamiento.', '2022-09-10', '15:15:00', 'Buena', 3),
    (8, 82, 'Reparación de averías y fallos identificados en el poste de luz, como reemplazo de componentes defectuosos o solución de problemas eléctricos.', '2021-02-27', '12:40:00', 'Buena', 2),
    (14, 84, 'Inspección visual del poste, revisión de conexiones eléctricas, limpieza de componentes, y reemplazo de piezas desgastadas.', '2020-06-13', '11:00:00', 'Buena', 1),
    (3, 75, 'Limpieza periódica del poste de luz para eliminar suciedad, polvo, excrementos de aves u otros elementos que puedan afectar su funcionamiento.', '2019-08-30', '09:30:00', 'Buena', 3),
    (9, 74, 'Reparación de averías y fallos identificados en el poste de luz, como reemplazo de componentes defectuosos o solución de problemas eléctricos.', '2018-11-15', '14:55:00', 'Buena', 2),
    (15, 92, 'Inspección visual del poste, revisión de conexiones eléctricas, limpieza de componentes, y reemplazo de piezas desgastadas.', '2023-08-21', '12:15:00', 'Buena', 1),
    (1, 78, 'Limpieza periódica del poste de luz para eliminar suciedad, polvo, excrementos de aves u otros elementos que puedan afectar su funcionamiento.', '2022-04-03', '10:40:00', 'Buena', 3),
    (7, 77, 'Reparación de averías y fallos identificados en el poste de luz, como reemplazo de componentes defectuosos o solución de problemas eléctricos.', '2021-06-19', '16:05:00', 'Buena', 2),
    (13, 99, 'Inspección visual del poste, revisión de conexiones eléctricas, limpieza de componentes, y reemplazo de piezas desgastadas.', '2020-09-06', '11:25:00', 'Normal', 1),
    (6, 87, 'Limpieza periódica del poste de luz para eliminar suciedad, polvo, excrementos de aves u otros elementos que puedan afectar su funcionamiento.', '2019-01-24', '09:50:00', 'Buena', 3),
    (12, 64, 'Reparación de averías y fallos identificados en el poste de luz, como reemplazo de componentes defectuosos o solución de problemas eléctricos.', '2018-03-12', '14:20:00', 'Buena', 2),
    (2, 98, 'Inspección visual del poste, revisión de conexiones eléctricas, limpieza de componentes, y reemplazo de piezas desgastadas.', '2023-01-29', '11:40:00', 'Normal', 1),
    (8, 61, 'Limpieza periódica del poste de luz para eliminar suciedad, polvo, excrementos de aves u otros elementos que puedan afectar su funcionamiento.', '2021-03-07', '10:00:00', 'Buena', 3),
    (14, 72, 'Reparación de averías y fallos identificados en el poste de luz, como reemplazo de componentes defectuosos o solución de problemas eléctricos.', '2020-04-23', '15:30:00', 'Buena', 2),
    (3, 62, 'Inspección visual del poste, revisión de conexiones eléctricas, limpieza de componentes, y reemplazo de piezas desgastadas.', '2019-08-08', '12:55:00', 'Buena', 1),
    (9, 69, 'Limpieza periódica del poste de luz para eliminar suciedad, polvo, excrementos de aves u otros elementos que puedan afectar su funcionamiento.', '2018-10-25', '10:20:00', 'Buena', 3),
    (15, 66, 'Reparación de averías y fallos identificados en el poste de luz, como reemplazo de componentes defectuosos o solución de problemas eléctricos.', '2022-02-11', '15:45:00', 'Buena', 2),
    (1, 94, 'Inspección visual del poste, revisión de conexiones eléctricas, limpieza de componentes, y reemplazo de piezas desgastadas.', '2021-05-30', '11:05:00', 'Normal', 1),
    (7, 81, 'Limpieza periódica del poste de luz para eliminar suciedad, polvo, excrementos de aves u otros elementos que puedan afectar su funcionamiento.', '2020-09-16', '09:25:00', 'Buena', 3),
    (13, 83, 'Reparación de averías y fallos identificados en el poste de luz, como reemplazo de componentes defectuosos o solución de problemas eléctricos.', '2019-10-02', '14:50:00', 'Buena', 2),
    (6, 86, 'Inspección visual del poste, revisión de conexiones eléctricas, limpieza de componentes, y reemplazo de piezas desgastadas.', '2018-12-20', '12:10:00', 'Buena', 1),
    (12, 59, 'Limpieza periódica del poste de luz para eliminar suciedad, polvo, excrementos de aves u otros elementos que puedan afectar su funcionamiento.', '2023-05-07', '10:35:00', 'Buena', 3),
    (2, 91, 'Reparación de averías y fallos identificados en el poste de luz, como reemplazo de componentes defectuosos o solución de problemas eléctricos.', '2022-11-24', '15:55:00', 'Buena', 2),
    (8, 90, 'Inspección visual del poste, revisión de conexiones eléctricas, limpieza de componentes, y reemplazo de piezas desgastadas.', '2021-02-10', '12:15:00', 'Buena', 1),
    (14, 96, 'Limpieza periódica del poste de luz para eliminar suciedad, polvo, excrementos de aves u otros elementos que puedan afectar su funcionamiento.', '2020-03-28', '10:40:00', 'Buena', 3),
    (3, 56, 'Reparación de averías y fallos identificados en el poste de luz, como reemplazo de componentes defectuosos o solución de problemas eléctricos.', '2019-07-15', '15:00:00', 'Buena', 2),
    (9, 55, 'Inspección visual del poste, revisión de conexiones eléctricas, limpieza de componentes, y reemplazo de piezas desgastadas.', '2018-09-01', '11:20:00', 'Normal', 1),
    (15, 60, 'Limpieza periódica del poste de luz para eliminar suciedad, polvo, excrementos de aves u otros elementos que puedan afectar su funcionamiento.', '2022-03-18', '09:40:00', 'Buena', 3),
    (1, 53, 'Reparación de averías y fallos identificados en el poste de luz, como reemplazo de componentes defectuosos o solución de problemas eléctricos.', '2021-04-05', '14:05:00', 'Buena', 2),
    (7, 51, 'Inspección visual del poste, revisión de conexiones eléctricas, limpieza de componentes, y reemplazo de piezas desgastadas.', '2020-07-23', '11:25:00', 'Normal', 1),
    (13, 52, 'Limpieza periódica del poste de luz para eliminar suciedad, polvo, excrementos de aves u otros elementos que puedan afectar su funcionamiento.', '2019-11-10', '09:50:00', 'Buena', 3),
    (6, 50, 'Reparación de averías y fallos identificados en el poste de luz, como reemplazo de componentes defectuosos o solución de problemas eléctricos.', '2018-04-27', '15:10:00', 'Buena', 2),
    (12, 48, 'Inspección visual del poste, revisión de conexiones eléctricas, limpieza de componentes, y reemplazo de piezas desgastadas.', '2023-03-15', '12:30:00', 'Buena', 1),
    (2, 47, 'Limpieza periódica del poste de luz para eliminar suciedad, polvo, excrementos de aves u otros elementos que puedan afectar su funcionamiento.', '2022-08-30', '10:50:00', 'Buena', 3),
    (8, 46, 'Reparación de averías y fallos identificados en el poste de luz, como reemplazo de componentes defectuosos o solución de problemas eléctricos.', '2021-02-15', '16:15:00', 'Buena', 2),
    (14, 45, 'Inspección visual del poste, revisión de conexiones eléctricas, limpieza de componentes, y reemplazo de piezas desgastadas.', '2020-04-03', '11:35:00', 'Buena', 1),
    (3, 44, 'Limpieza periódica del poste de luz para eliminar suciedad, polvo, excrementos de aves u otros elementos que puedan afectar su funcionamiento.', '2019-06-20', '09:55:00', 'Buena', 3),
    (9, 43, 'Reparación de averías y fallos identificados en el poste de luz, como reemplazo de componentes defectuosos o solución de problemas eléctricos.', '2018-09-07', '15:20:00', 'Buena', 2),
    (15, 42, 'Inspección visual del poste, revisión de conexiones eléctricas, limpieza de componentes, y reemplazo de piezas desgastadas.', '2023-07-25', '12:40:00', 'Buena', 1),
    (1, 41, 'Limpieza periódica del poste de luz para eliminar suciedad, polvo, excrementos de aves u otros elementos que puedan afectar su funcionamiento.', '2022-03-03', '11:00:00', 'Buena', 3),
    (7, 40, 'Reparación de averías y fallos identificados en el poste de luz, como reemplazo de componentes defectuosos o solución de problemas eléctricos.', '2021-05-19', '16:25:00', 'Buena', 2),
    (13, 39, 'Inspección visual del poste, revisión de conexiones eléctricas, limpieza de componentes, y reemplazo de piezas desgastadas.', '2020-09-06', '12:45:00', 'Normal', 1),
    (6, 38, 'Limpieza periódica del poste de luz para eliminar suciedad, polvo, excrementos de aves u otros elementos que puedan afectar su funcionamiento.', '2019-01-24', '11:05:00', 'Buena', 3),
    (12, 37, 'Reparación de averías y fallos identificados en el poste de luz, como reemplazo de componentes defectuosos o solución de problemas eléctricos.', '2018-03-12', '16:30:00', 'Buena', 2),
    (2, 36, 'Inspección visual del poste, revisión de conexiones eléctricas, limpieza de componentes, y reemplazo de piezas desgastadas.', '2023-01-29', '12:50:00', 'Normal', 1),
    (8, 35, 'Limpieza periódica del poste de luz para eliminar suciedad, polvo, excrementos de aves u otros elementos que puedan afectar su funcionamiento.', '2021-03-07', '11:10:00', 'Buena', 3),
    (14, 34, 'Reparación de averías y fallos identificados en el poste de luz, como reemplazo de componentes defectuosos o solución de problemas eléctricos.', '2020-04-23', '16:35:00', 'Buena', 2),
    (3, 33, 'Inspección visual del poste, revisión de conexiones eléctricas, limpieza de componentes, y reemplazo de piezas desgastadas.', '2019-08-08', '13:00:00', 'Buena', 1),
    (9, 32, 'Limpieza periódica del poste de luz para eliminar suciedad, polvo, excrementos de aves u otros elementos que puedan afectar su funcionamiento.', '2018-10-25', '11:20:00', 'Buena', 3),
    (2, 42, 'Limpieza periódica del poste de luz para eliminar suciedad, polvo, excrementos de aves u otros elementos que puedan afectar su funcionamiento.', '2019-01-24', '11:05:00', 'Buena', 3);